{"cameraMode":{"drawMode":0,"name":"Shaded","section":"Shading Mode"},"sceneLighting":false,"audioPlay":false,"sceneViewState":{"showFog":true,"showMaterialUpdate":false,"showSkybox":false,"showFlares":true,"showImageEffects":true,"showParticleSystems":true},"in2DMode":false,"pivot":{"x":0.3100000023841858,"y":1.0199999809265137,"z":-36.29999923706055},"rotation":{"x":-0.22189313173294068,"y":-0.02135460264980793,"z":0.004860687535256147,"w":-0.974827766418457},"size":0.8660253882408142,"orthographic":false}