{"cameraMode":{"drawMode":0,"name":"Shaded","section":"Shading Mode"},"sceneLighting":false,"audioPlay":false,"sceneViewState":{"showFog":true,"showMaterialUpdate":false,"showSkybox":false,"showFlares":true,"showImageEffects":true,"showParticleSystems":true},"in2DMode":false,"pivot":{"x":0.3100000023841858,"y":1.0199999809265137,"z":-36.29999923706055},"rotation":{"x":0.770361065864563,"y":-0.01815858855843544,"z":0.021961243823170663,"w":0.6369709968566895},"size":3.3894999027252199,"orthographic":true}